{
  "project_info": {
    "project_number": "15781963011",
    "firebase_url": "https://lock-a4238.firebaseio.com",
    "project_id": "lock-a4238",
    "storage_bucket": "lock-a4238.appspot.com"
  },
  "client": [
    {
      "client_info": {
        "mobilesdk_app_id": "1:15781963011:android:5c10b02c87326b5a",
        "android_client_info": {
          "package_name": "matthewsware.lockstockandbarrell"
        }
      },
      "oauth_client": [
        {
          "client_id": "15781963011-55fa20e3j4c3hmgh7o3paa3opdhdrd0r.apps.googleusercontent.com",
          "client_type": 3
        }
      ],
      "api_key": [
        {
          "current_key": "AIzaSyBQ-0cFtsrD79hJzh3vxajCr65qrPG8a80"
        }
      ],
      "services": {
        "analytics_service": {
          "status": 1
        },
        "appinvite_service": {
          "status": 1,
          "other_platform_oauth_client": []
        },
        "ads_service": {
          "status": 2
        }
      }
    }
  ],
  "configuration_version": "1"
}